{
	"credit": "Made with Blockbench",
	"textures": {
		"1": "item/flame_in_hand",
		"particle": "block/torch",
		"layer0": "block/torch"
	},
	"elements": [
		{
			"from": [7, 0, 7],
			"to": [9, 10, 9],
			"shade": false,
			"faces": {
				"north": {"uv": [7, 6, 9, 16], "texture": "#layer0"},
				"east": {"uv": [7, 6, 9, 16], "texture": "#layer0"},
				"south": {"uv": [7, 6, 9, 16], "texture": "#layer0"},
				"west": {"uv": [7, 6, 9, 16], "texture": "#layer0"},
				"up": {"uv": [7, 6, 9, 8], "rotation": 270, "texture": "#layer0"},
				"down": {"uv": [9, 15, 7, 13], "texture": "#layer0"}
			}
		},
		{
			"from": [8, 9, 6],
			"to": [8, 16, 10],
			"shade": false,
			"rotation": {"angle": 45, "axis": "y", "origin": [8, 11.5, 8]},
			"faces": {
				"north": {"uv": [0, 0, 4, 7], "texture": "#1"},
				"east": {"uv": [0, 0, 4, 7], "texture": "#1"},
				"south": {"uv": [0, 0, 4, 7], "texture": "#1"},
				"west": {"uv": [4, 0, 0, 7], "texture": "#1"},
				"up": {"uv": [0, 0, 4, 7], "texture": "#1"},
				"down": {"uv": [0, 0, 4, 7], "texture": "#1"}
			}
		},
		{
			"from": [8, 9, 6],
			"to": [8, 16, 10],
			"shade": false,
			"rotation": {"angle": -45, "axis": "y", "origin": [8, 11.5, 8]},
			"faces": {
				"north": {"uv": [0, 0, 4, 7], "texture": "#1"},
				"east": {"uv": [0, 0, 4, 7], "texture": "#1"},
				"south": {"uv": [0, 0, 4, 7], "texture": "#1"},
				"west": {"uv": [4, 0, 0, 7], "texture": "#1"},
				"up": {"uv": [0, 0, 4, 7], "texture": "#1"},
				"down": {"uv": [0, 0, 4, 7], "texture": "#1"}
			}
		}
	],
	"gui_light": "front",
	"display": {
		"thirdperson_righthand": {
			"rotation": [20.25, 0, 0],
			"translation": [0, 4.5, 3.75]
		},
		"thirdperson_lefthand": {
			"rotation": [20, 0, 0],
			"translation": [0, 4.5, 3.7]
		},
		"firstperson_righthand": {
			"rotation": [-0.5, -4.25, -0.34],
			"translation": [2.75, 3.25, 0],
			"scale": [0.62, 0.62, 0.62]
		},
		"firstperson_lefthand": {
			"rotation": [-0.5, -4.25, -0.34],
			"translation": [2.7, 3.2, 0],
			"scale": [0.63, 0.63, 0.63]
		},
		"ground": {
			"translation": [0, 3.5, 0],
			"scale": [0.71, 0.71, 0.71]
		},
		"fixed": {
			"translation": [0, 2.75, 0]
		}
	}
}